id,kind,en,pl,sommelier_note
"dish.atelier-amaro.r1-d1.description","dish_description","San Marzano tomato, fior di latte, basil, and olive oil.","Pomidor San Marzano, fior di latte, bazylia i oliwa z oliwek.",""
"dish.atelier-amaro.r1-d10.description","dish_description","Mascarpone cream, espresso-soaked savoiardi, and cocoa.","Krem mascarpone, savoiardi nasączone espresso i kakao.",""
"dish.atelier-amaro.r1-d2.description","dish_description","Handmade tonnarelli with pecorino romano and black pepper.","Ręcznie robione tonnarelli z pecorino romano i czarnym pieprzem.",""
"dish.atelier-amaro.r1-d3.description","dish_description","Slow-cooked beef and pork ragu with egg tagliatelle.","Wolno duszony ragù z wołowiny i wieprzowiny z makaronem tagliatelle z jajkami.",""
"dish.atelier-amaro.r1-d4.description","dish_description","Braised veal shank, saffron jus, and gremolata.","Duszona pręga cielęca, sos szafranowy i gremolata.",""
"dish.atelier-amaro.r1-d5.description","dish_description","Carnaroli rice with saffron, butter, and parmigiano.","Ryż carnaroli z szafranem, masłem i parmigiano.",""
"dish.atelier-amaro.r1-d6.description","dish_description","Oven-roasted sea bass, lemon, capers, and herbs.","Pieczony labraks z piekarnika, cytryna, kapary i zioła.",""
"dish.atelier-amaro.r1-d7.description","dish_description","Cold sliced veal with creamy tuna-caper sauce.","Zimna plasterkowana cielęcina z kremowym sosem tuńczykowo-kaparowym.",""
"dish.atelier-amaro.r1-d8.description","dish_description","Layered eggplant, tomato sauce, mozzarella, and basil.","Warstwowy bakłażan, sos pomidorowy, mozzarella i bazylia.",""
"dish.atelier-amaro.r1-d9.description","dish_description","Creamy burrata, heirloom tomatoes, basil, and aged balsamic.","Kremowa burrata, pomidory dziedziczne, bazylia i dojrzewający balsamico.",""
"dish.bottiglieria-1881.r3-d1.description","dish_description","Crisp potatoes, smoked paprika brava sauce, and aioli.","Chrupiące ziemniaki, sos brava z wędzoną papryką i aioli.",""
"dish.bottiglieria-1881.r3-d10.description","dish_description","Burnt-top cheesecake with creamy center.","Sernik z przypalonym wierzchem i kremowym środkiem.",""
"dish.bottiglieria-1881.r3-d2.description","dish_description","Shrimp sauteed in olive oil, garlic, and dried chili.","Krewetki podsmażane na oliwie z czosnkiem i suszonym chili.",""
"dish.bottiglieria-1881.r3-d3.description","dish_description","Potato and onion omelet with olive oil confit texture.","Omlet z ziemniakami i cebulą o teksturze konfitowanej w oliwie.",""
"dish.bottiglieria-1881.r3-d4.description","dish_description","Tender octopus, smoked paprika, potato, and olive oil.","Delikatna ośmiornica, wędzona papryka, ziemniak i oliwa.",""
"dish.bottiglieria-1881.r3-d5.description","dish_description","Saffron rice with chicken, rabbit, and green beans.","Ryż z szafranem, kurczak, królik i zielona fasolka.",""
"dish.bottiglieria-1881.r3-d6.description","dish_description","Salt cod with emulsified garlic and olive oil sauce.","Solony dorsz z emulgowanym sosem z czosnku i oliwy.",""
"dish.bottiglieria-1881.r3-d7.description","dish_description","Slow-roasted suckling pig with crackling skin.","Wolno pieczone prosię z chrupiącą skórką.",""
"dish.bottiglieria-1881.r3-d8.description","dish_description","Creamy Iberico ham croquettes with crisp crust.","Kremowe krokiety z szynką ibérico w chrupiącej panierce.",""
"dish.bottiglieria-1881.r3-d9.description","dish_description","Dry-aged rib steak cooked over oak embers.","Stek żebrowy dojrzewający na sucho, pieczony nad dębowym żarem.",""
"dish.brovariusz-wroclaw.r5-d1.description","dish_description","Fresh white fish, leche de tigre, red onion, and cancha.","Świeża biała ryba, leche de tigre, czerwona cebula i kukurydza cancha.",""
"dish.brovariusz-wroclaw.r5-d10.description","dish_description","Pumpkin-sweet potato fritters with chancaca syrup.","Pączki z dyni i batata z syropem chancaca.",""
"dish.brovariusz-wroclaw.r5-d2.description","dish_description","Sliced tuna with ponzu, aji amarillo, and sesame.","Plastry tuńczyka z ponzu, ají amarillo i sezamem.",""
"dish.brovariusz-wroclaw.r5-d3.description","dish_description","Stir-fried beef, tomato, onion, soy, and fries.","Wołowina z woka z pomidorem, cebulą, sosem sojowym i frytkami.",""
"dish.brovariusz-wroclaw.r5-d4.description","dish_description","Creamy chicken stew with aji amarillo and walnuts.","Kremowy gulasz z kurczaka z ají amarillo i orzechami włoskimi.",""
"dish.brovariusz-wroclaw.r5-d5.description","dish_description","Layered potato terrine with crab, avocado, and lime.","Warstwowy terrine ziemniaczany z krabem, awokado i limonką.",""
"dish.brovariusz-wroclaw.r5-d6.description","dish_description","Beef heart skewers with aji panca glaze.","Szaszłyki z serca wołowego w glazurze ají panca.",""
"dish.brovariusz-wroclaw.r5-d7.description","dish_description","Seafood rice with saffron, peas, and rocoto.","Ryż z owocami morza, szafranem, groszkiem i papryczką rocoto.",""
"dish.brovariusz-wroclaw.r5-d8.description","dish_description","Braised lamb with cilantro, beer, and beans.","Duszona jagnięcina z kolendrą, piwem i fasolą.",""
"dish.brovariusz-wroclaw.r5-d9.description","dish_description","Crisp rice-bean cake with fried egg and salsa criolla.","Chrupiący placek z ryżu i fasoli z sadzonym jajkiem i salsa criolla.",""
"dish.pod-aniolami.r4-d1.description","dish_description","Caramelized onion broth, crouton, and gruyere gratin.","Bulion z karmelizowanej cebuli, grzanka i zapiekanka z gruyère.",""
"dish.pod-aniolami.r4-d10.description","dish_description","Vanilla custard with caramelized sugar crust.","Krem waniliowy z karmelizowaną skorupką cukrową.",""
"dish.pod-aniolami.r4-d2.description","dish_description","Striploin, pommes frites, and cafe de paris butter.","Rostbef, pommes frites i masło Café de Paris.",""
"dish.pod-aniolami.r4-d3.description","dish_description","Slow-cooked duck leg, lentils, and mustard jus.","Wolno pieczone udko kaczki, soczewica i sos musztardowy.",""
"dish.pod-aniolami.r4-d4.description","dish_description","Marseille fish stew with saffron rouille.","Marsylski gulasz rybny z szafranowym rouille.",""
"dish.pod-aniolami.r4-d5.description","dish_description","Tomato tart with confit zucchini and eggplant.","Tarta pomidorowa z konfitowaną cukinią i bakłażanem.",""
"dish.pod-aniolami.r4-d6.description","dish_description","Red wine braised chicken, mushrooms, and pearl onions.","Kurczak duszony w czerwonym winie z grzybami i perłową cebulą.",""
"dish.pod-aniolami.r4-d7.description","dish_description","Pan-seared sole, browned butter, lemon, and parsley.","Smażona sola, masło orzechowe, cytryna i pietruszka.",""
"dish.pod-aniolami.r4-d8.description","dish_description","Tuna, egg, olives, green beans, and anchovy dressing.","Tuńczyk, jajko, oliwki, fasolka szparagowa i sos anchois.",""
"dish.pod-aniolami.r4-d9.description","dish_description","Fresh ravioli, truffle cream, and aged comte.","Świeże ravioli, krem truflowy i dojrzewające comté.",""
"dish.senses-warsaw.r2-d1.description","dish_description","Yellowtail, yuzu kosho, shiso, and citrus soy.","Seriola, yuzu kosho, shiso i sos sojowy z cytrusami.",""
"dish.senses-warsaw.r2-d10.description","dish_description","Burnt cheesecake with ceremonial matcha cream.","Przypalany sernik baskijski z ceremonialnym kremem matcha.",""
"dish.senses-warsaw.r2-d2.description","dish_description","Chef selection of seasonal nigiri, wasabi, and nikiri glaze.","Wybór szefa kuchni — sezonowe nigiri, wasabi i glazura nikiri.",""
"dish.senses-warsaw.r2-d3.description","dish_description","Bluefin tuna, salmon, scallop, and madai sashimi.","Sashimi z tuńczyka błękitnopłetwego, łososia, przegrzebka i madai.",""
"dish.senses-warsaw.r2-d4.description","dish_description","Binchotan grilled chicken thigh with tare and sansho.","Udko kurczaka z grilla binchōtan z sosem tare i pieprzem sanshō.",""
"dish.senses-warsaw.r2-d5.description","dish_description","Saikyo miso marinated cod, pickled daikon, and ginger.","Dorsz marynowany w saikyō miso, kiszony daikon i imbir.",""
"dish.senses-warsaw.r2-d6.description","dish_description","Shrimp and seasonal vegetables in light tempura batter.","Krewetki i sezonowe warzywa w lekkim cieście tempura.",""
"dish.senses-warsaw.r2-d7.description","dish_description","Charcoal grilled eel over rice with tare and sansho.","Węgorz z grilla na węglu drzewnym na ryżu z sosem tare i pieprzem sanshō.",""
"dish.senses-warsaw.r2-d8.description","dish_description","Seared wagyu, ponzu, daikon, and garlic chips.","Smażone wagyu, ponzu, daikon i chipsy czosnkowe.",""
"dish.senses-warsaw.r2-d9.description","dish_description","Chicken broth ramen with chashu, ajitama, and nori.","Ramen na bulionie z kurczaka z chashū, ajitamą i nori.",""
"dish.atelier-amaro.r1-d1.name","dish_name","Pizza Margherita","Pizza Margherita",""
"dish.atelier-amaro.r1-d10.name","dish_name","Tiramisu","Tiramisu",""
"dish.atelier-amaro.r1-d2.name","dish_name","Cacio e Pepe","Cacio e Pepe",""
"dish.atelier-amaro.r1-d3.name","dish_name","Tagliatelle al Ragu","Tagliatelle al ragù",""
"dish.atelier-amaro.r1-d4.name","dish_name","Osso Buco alla Milanese","Osso Buco po mediolańsku",""
"dish.atelier-amaro.r1-d5.name","dish_name","Risotto alla Milanese","Risotto po mediolańsku",""
"dish.atelier-amaro.r1-d6.name","dish_name","Branzino al Forno","Pieczony labraks",""
"dish.atelier-amaro.r1-d7.name","dish_name","Vitello Tonnato","Vitello Tonnato",""
"dish.atelier-amaro.r1-d8.name","dish_name","Melanzane alla Parmigiana","Bakłażan alla Parmigiana",""
"dish.atelier-amaro.r1-d9.name","dish_name","Burrata e Pomodori","Burrata z pomidorami",""
"dish.bottiglieria-1881.r3-d1.name","dish_name","Patatas Bravas","Patatas Bravas",""
"dish.bottiglieria-1881.r3-d10.name","dish_name","Basque Cheesecake","Sernik baskijski",""
"dish.bottiglieria-1881.r3-d2.name","dish_name","Gambas al Ajillo","Gambas al ajillo",""
"dish.bottiglieria-1881.r3-d3.name","dish_name","Tortilla Espanola","Hiszpańska tortilla",""
"dish.bottiglieria-1881.r3-d4.name","dish_name","Pulpo a la Gallega","Pulpo a la Gallega",""
"dish.bottiglieria-1881.r3-d5.name","dish_name","Paella Valenciana","Paella valenciana",""
"dish.bottiglieria-1881.r3-d6.name","dish_name","Bacalao al Pil Pil","Bacalao al Pil Pil",""
"dish.bottiglieria-1881.r3-d7.name","dish_name","Cochinillo Asado","Pieczone prosię",""
"dish.bottiglieria-1881.r3-d8.name","dish_name","Croquetas de Jamon","Krokiety z szynką jamón",""
"dish.bottiglieria-1881.r3-d9.name","dish_name","Chuleton a la Brasa","Chuletón z grilla",""
"dish.brovariusz-wroclaw.r5-d1.name","dish_name","Ceviche Clasico","Ceviche clásico",""
"dish.brovariusz-wroclaw.r5-d10.name","dish_name","Picarones","Picarones",""
"dish.brovariusz-wroclaw.r5-d2.name","dish_name","Tiradito Nikkei","Tiradito Nikkei",""
"dish.brovariusz-wroclaw.r5-d3.name","dish_name","Lomo Saltado","Lomo saltado",""
"dish.brovariusz-wroclaw.r5-d4.name","dish_name","Aji de Gallina","Ají de gallina",""
"dish.brovariusz-wroclaw.r5-d5.name","dish_name","Causa Limena","Causa limeña",""
"dish.brovariusz-wroclaw.r5-d6.name","dish_name","Anticuchos de Corazon","Anticuchos de corazón",""
"dish.brovariusz-wroclaw.r5-d7.name","dish_name","Arroz con Mariscos","Arroz con mariscos",""
"dish.brovariusz-wroclaw.r5-d8.name","dish_name","Seco de Cordero","Seco de cordero",""
"dish.brovariusz-wroclaw.r5-d9.name","dish_name","Tacu Tacu","Tacu tacu",""
"dish.pod-aniolami.r4-d1.name","dish_name","French Onion Soup","Francuska zupa cebulowa",""
"dish.pod-aniolami.r4-d10.name","dish_name","Creme Brulee","Crème brûlée",""
"dish.pod-aniolami.r4-d2.name","dish_name","Steak Frites","Stek z frytkami",""
"dish.pod-aniolami.r4-d3.name","dish_name","Duck Confit","Konfitowana kaczka",""
"dish.pod-aniolami.r4-d4.name","dish_name","Bouillabaisse","Bouillabaisse",""
"dish.pod-aniolami.r4-d5.name","dish_name","Ratatouille Tart","Tarta ratatouille",""
"dish.pod-aniolami.r4-d6.name","dish_name","Coq au Vin","Coq au vin",""
"dish.pod-aniolami.r4-d7.name","dish_name","Sole Meuniere","Sola meunière",""
"dish.pod-aniolami.r4-d8.name","dish_name","Nicoise Salad","Sałatka niçoise",""
"dish.pod-aniolami.r4-d9.name","dish_name","Truffle Brie Ravioli","Ravioli z brie i truflą",""
"dish.senses-warsaw.r2-d1.name","dish_name","Hamachi Crudo","Hamachi Crudo",""
"dish.senses-warsaw.r2-d10.name","dish_name","Matcha Basque Cheesecake","Sernik baskijski matcha",""
"dish.senses-warsaw.r2-d2.name","dish_name","Omakase Nigiri Set","Zestaw nigiri omakase",""
"dish.senses-warsaw.r2-d3.name","dish_name","Sashimi Moriawase","Sashimi moriawase",""
"dish.senses-warsaw.r2-d4.name","dish_name","Yakitori Thigh","Yakitori z udka",""
"dish.senses-warsaw.r2-d5.name","dish_name","Miso Black Cod","Czarny dorsz miso",""
"dish.senses-warsaw.r2-d6.name","dish_name","Tempura Moriawase","Tempura moriawase",""
"dish.senses-warsaw.r2-d7.name","dish_name","Unagi Don","Unagi don",""
"dish.senses-warsaw.r2-d8.name","dish_name","Wagyu Tataki","Wagyu tataki",""
"dish.senses-warsaw.r2-d9.name","dish_name","Shoyu Ramen","Ramen shoyu",""
"kb.base.cierpkosc.desc","kb_base_taste","Wrażenie ściągania na języku. W czerwonych winach pochodzi głównie od garbników (tanin), w białych może pochodzić od młodych owoców.","Wrażenie ściągania na języku. W czerwonych winach pochodzi głównie od garbników (tanin), w białych może pochodzić od młodych owoców.",""
"kb.base.kwasowosc.desc","kb_base_taste","„Świeżość”, ślinienie podniebienia. Wina o wysokiej kwasowości pijemy z radością — odświeżają jak lemoniada.","„Świeżość”, ślinienie podniebienia. Wina o wysokiej kwasowości pijemy z radością — odświeżają jak lemoniada.",""
"kb.base.slodycz.desc","kb_base_taste","Naturalny cukier resztkowy w winie. Od wytrawnych (brak słodyczy) po słodkie wina deserowe.","Naturalny cukier resztkowy w winie. Od wytrawnych (brak słodyczy) po słodkie wina deserowe.",""
"kb.faq.0.a","kb_faq_a","To system opisu wina oparty na 6 wrażeniach zmysłowych (świeże, oleiste, miękkie, tęgie, szorstkie, ziemiste) i 3 podstawowych smakach (słodycz, cierpkość, kwasowość). Każde wrażenie ma 2 tendencje. Po zaznaczeniu intensywności każdej tendencji otrzymujesz unikalny profil smakowy wina — i możesz szukać innych win do niego podobnych.","To system opisu wina oparty na 6 wrażeniach zmysłowych (świeże, oleiste, miękkie, tęgie, szorstkie, ziemiste) i 3 podstawowych smakach (słodycz, cierpkość, kwasowość). Każde wrażenie ma 2 tendencje. Po zaznaczeniu intensywności każdej tendencji otrzymujesz unikalny profil smakowy wina — i możesz szukać innych win do niego podobnych.",""
"kb.faq.1.a","kb_faq_a","Tendencja to skojarzenie, które przeważa w danym wrażeniu. Na przykład wrażenie „świeże” ma 2 tendencje: cytrusy i zielone warzywa/owoce. Każde wrażenie ma 2 wyraźne tendencje — to cała filozofia.","Tendencja to skojarzenie, które przeważa w danym wrażeniu. Na przykład wrażenie „świeże” ma 2 tendencje: cytrusy i zielone warzywa/owoce. Każde wrażenie ma 2 wyraźne tendencje — to cała filozofia.",""
"kb.faq.10.a","kb_faq_a","1) Powiedz kelnerowi swój profil smaku (np. „lubię świeże cytrusowe” albo „lubię tęgie z kawą”). 2) Albo zeskanuj QR Cellar Compass w restauracji — wybierz danie, system pokaże top-3 wina pasujące do dania, z uzasadnieniem. Działa też w drugą stronę: wybierz wino, system zaproponuje dania.","1) Powiedz kelnerowi swój profil smaku (np. „lubię świeże cytrusowe” albo „lubię tęgie z kawą”). 2) Albo zeskanuj QR Cellar Compass w restauracji — wybierz danie, system pokaże top-3 wina pasujące do dania, z uzasadnieniem. Działa też w drugą stronę: wybierz wino, system zaproponuje dania.",""
"kb.faq.11.a","kb_faq_a","Każde wino ma jakąś obecność każdego z 6 wrażeń — ale często z bardzo różną intensywnością. Sauvignon Blanc będzie mocno w „świeże” (cytrusy, zielone) i prawie zero w „tęgie”. Zinfandel z USA — odwrotnie: mocno „tęgie” (suszone owoce), „miękkie” (konfitury), „szorstkie” (dąb).","Każde wino ma jakąś obecność każdego z 6 wrażeń — ale często z bardzo różną intensywnością. Sauvignon Blanc będzie mocno w „świeże” (cytrusy, zielone) i prawie zero w „tęgie”. Zinfandel z USA — odwrotnie: mocno „tęgie” (suszone owoce), „miękkie” (konfitury), „szorstkie” (dąb).",""
"kb.faq.12.a","kb_faq_a","Tak, na początku — to świetny trening. Gdy zatkaniesz nos, wino pokazuje tylko swoje 3 podstawowe smaki: słodycz, cierpkość, kwasowość. Gdy otworzysz nos — eksploduje aromatami z 6 sektorów kompasu. To pokazuje jak nos i język grają w pary.","Tak, na początku — to świetny trening. Gdy zatkaniesz nos, wino pokazuje tylko swoje 3 podstawowe smaki: słodycz, cierpkość, kwasowość. Gdy otworzysz nos — eksploduje aromatami z 6 sektorów kompasu. To pokazuje jak nos i język grają w pary.",""
"kb.faq.13.a","kb_faq_a","Twój kompas to twój profil smaku. Im wyższe „świeże/cytrusy” tym częściej szukaj win cytrusowych. Im wyższe „tęgie/cigaro” tym mocniej idź w wina dojrzałe z beczką. Cellar Compass dopasowuje wina z menu restauracji właśnie pod taki profil — albo pod profil dania.","Twój kompas to twój profil smaku. Im wyższe „świeże/cytrusy” tym częściej szukaj win cytrusowych. Im wyższe „tęgie/cigaro” tym mocniej idź w wina dojrzałe z beczką. Cellar Compass dopasowuje wina z menu restauracji właśnie pod taki profil — albo pod profil dania.",""
"kb.faq.2.a","kb_faq_a","Wrażenie to ogólna kategoria (np. „świeże”). Tendencja to konkretne skojarzenie wewnątrz tej kategorii (np. „cytrusy” albo „zielone warzywa”). Jedno wino może być świeże w stronę cytrusów (jak Riesling), inne świeże w stronę zielonych warzyw (jak Sauvignon Blanc).","Wrażenie to ogólna kategoria (np. „świeże”). Tendencja to konkretne skojarzenie wewnątrz tej kategorii (np. „cytrusy” albo „zielone warzywa”). Jedno wino może być świeże w stronę cytrusów (jak Riesling), inne świeże w stronę zielonych warzyw (jak Sauvignon Blanc).",""
"kb.faq.3.a","kb_faq_a","Cierpkość to uczucie ściągania na języku. W czerwonych winach pochodzi głównie od garbników (tanin) zawartych w skórkach winogron i drewnie beczki. Pomyśl o aronii albo czarnej porzeczce — aż ściąga buzię.","Cierpkość to uczucie ściągania na języku. W czerwonych winach pochodzi głównie od garbników (tanin) zawartych w skórkach winogron i drewnie beczki. Pomyśl o aronii albo czarnej porzeczce — aż ściąga buzię.",""
"kb.faq.4.a","kb_faq_a","Świeże wino jest kwaśne, rześkie, lekkie — jak lemoniada. Oleiste wino jest gęste, lepkie, słodkie — jak masło, orzechy, mango. Świeże orzeźwia, oleiste otula. Można też mieć wino które jednocześnie świeże i lekko oleiste — wtedy zaznacz oba sektory na kompasie z różną intensywnością.","Świeże wino jest kwaśne, rześkie, lekkie — jak lemoniada. Oleiste wino jest gęste, lepkie, słodkie — jak masło, orzechy, mango. Świeże orzeźwia, oleiste otula. Można też mieć wino które jednocześnie świeże i lekko oleiste — wtedy zaznacz oba sektory na kompasie z różną intensywnością.",""
"kb.faq.5.a","kb_faq_a","Miękkie to dojrzałe owoce i konfitury — letnie, przyjemne, owocowe. Tęgie to czekolada, kawa, tytoń i suszone owoce — orientalne, ciężkie, intensywne. Wino miękkie pijemy łatwo, wino tęgie wymaga uwagi i często długiego oddychania w karafce.","Miękkie to dojrzałe owoce i konfitury — letnie, przyjemne, owocowe. Tęgie to czekolada, kawa, tytoń i suszone owoce — orientalne, ciężkie, intensywne. Wino miękkie pijemy łatwo, wino tęgie wymaga uwagi i często długiego oddychania w karafce.",""
"kb.faq.6.a","kb_faq_a","Szorstkie to wrażenie cierpkości, suchości — piżmo, skóra, dąb, dym, garbniki. Ziemiste to wrażenie ziemi, lasu, minerałów. Szorstkie wina mają taniny i drewno; ziemiste mają nuty terroir — kamienia, ściółki leśnej, kwiatów polnych.","Szorstkie to wrażenie cierpkości, suchości — piżmo, skóra, dąb, dym, garbniki. Ziemiste to wrażenie ziemi, lasu, minerałów. Szorstkie wina mają taniny i drewno; ziemiste mają nuty terroir — kamienia, ściółki leśnej, kwiatów polnych.",""
"kb.faq.7.a","kb_faq_a","Szukaj wina z wysokim wskaźnikiem w sektorze „tęgie” (tendencja czekolada/kawa/tytoń) i często też „szorstkie” (dąb, garbniki). To zwykle dojrzałe czerwone wina z beczki: Cabernet Sauvignon, Brunello di Montalcino, Tignanello, Vega Sicilia, Chateauneuf-du-Pape.","Szukaj wina z wysokim wskaźnikiem w sektorze „tęgie” (tendencja czekolada/kawa/tytoń) i często też „szorstkie” (dąb, garbniki). To zwykle dojrzałe czerwone wina z beczki: Cabernet Sauvignon, Brunello di Montalcino, Tignanello, Vega Sicilia, Chateauneuf-du-Pape.",""
"kb.faq.8.a","kb_faq_a","Szukaj wina z wysokim wskaźnikiem w sektorze „świeże” (tendencja cytrusy). Klasyki to Riesling z Alzacji albo Mozeli, Sauvignon Blanc z Loary lub Nowej Zelandii (Cloudy Bay), Albarino z Galicji, Chablis z Burgundii.","Szukaj wina z wysokim wskaźnikiem w sektorze „świeże” (tendencja cytrusy). Klasyki to Riesling z Alzacji albo Mozeli, Sauvignon Blanc z Loary lub Nowej Zelandii (Cloudy Bay), Albarino z Galicji, Chablis z Burgundii.",""
"kb.faq.9.a","kb_faq_a","Sektor „tęgie” (czekolada, kawa, tytoń) — pełne czerwone z dębem. Też dobrze będą wina deserowe ze strony „miękkie/konfitury”: Banyuls, Maury, Porto LBV, Recioto della Valpolicella.","Sektor „tęgie” (czekolada, kawa, tytoń) — pełne czerwone z dębem. Też dobrze będą wina deserowe ze strony „miękkie/konfitury”: Banyuls, Maury, Porto LBV, Recioto della Valpolicella.",""
"kb.faq.0.q","kb_faq_q","Co to jest Vinokompas?","Co to jest Vinokompas?",""
"kb.faq.1.q","kb_faq_q","Co to jest tendencja?","Co to jest tendencja?",""
"kb.faq.10.q","kb_faq_q","Jak korzystać z kompasu w restauracji?","Jak korzystać z kompasu w restauracji?",""
"kb.faq.11.q","kb_faq_q","Czy każde wino ma wszystkie 6 wrażeń?","Czy każde wino ma wszystkie 6 wrażeń?",""
"kb.faq.12.q","kb_faq_q","Czy mam degustować z zatkanym nosem?","Czy mam degustować z zatkanym nosem?",""
"kb.faq.13.q","kb_faq_q","Co znaczy moja kombinacja na kompasie?","Co znaczy moja kombinacja na kompasie?",""
"kb.faq.2.q","kb_faq_q","Jak rozróżnić wrażenia od tendencji?","Jak rozróżnić wrażenia od tendencji?",""
"kb.faq.3.q","kb_faq_q","Co znaczy „cierpkość”?","Co znaczy „cierpkość”?",""
"kb.faq.4.q","kb_faq_q","Czym różni się „świeże” od „oleiste”?","Czym różni się „świeże” od „oleiste”?",""
"kb.faq.5.q","kb_faq_q","Czym różni się „miękkie” od „tęgie”?","Czym różni się „miękkie” od „tęgie”?",""
"kb.faq.6.q","kb_faq_q","Czym różni się „szorstkie” od „ziemiste”?","Czym różni się „szorstkie” od „ziemiste”?",""
"kb.faq.7.q","kb_faq_q","Jakie wino dla kogoś kto lubi tytoń i kawę?","Jakie wino dla kogoś kto lubi tytoń i kawę?",""
"kb.faq.8.q","kb_faq_q","Jakie wino dla kogoś kto lubi cytrusy?","Jakie wino dla kogoś kto lubi cytrusy?",""
"kb.faq.9.q","kb_faq_q","Jakie wino dla kogoś kto lubi czekoladę?","Jakie wino dla kogoś kto lubi czekoladę?",""
"kb.sector.miekkie.long","kb_sector_long","Myślę, że z tym wrażeniem nie będziecie mieć problemów. To skojarzenie z latem i przyjemnościami. Tendencje: dojrzałe owoce i konfitury.","Myślę, że z tym wrażeniem nie będziecie mieć problemów. To skojarzenie z latem i przyjemnościami. Tendencje: dojrzałe owoce i konfitury.",""
"kb.sector.oleiste.long","kb_sector_long","Znajdujemy tu wszystko co gęste, lepkie, słodkie i żywiczne. Mamy tu dwie tendencje: masłowość/tostowość/orzechy oraz owoce tropikalne.","Znajdujemy tu wszystko co gęste, lepkie, słodkie i żywiczne. Mamy tu dwie tendencje: masłowość/tostowość/orzechy oraz owoce tropikalne.",""
"kb.sector.swieze.long","kb_sector_long","Świeżość to wszystko to co kwaśne, cierpkie, ale też odświeżające i rześkie. Łatwe skojarzenie to lemoniada, albo zielony ogórek. Mamy tu dwie tendencje: cytrusy oraz zielone warzywa i owoce.","Świeżość to wszystko to co kwaśne, cierpkie, ale też odświeżające i rześkie. Łatwe skojarzenie to lemoniada, albo zielony ogórek. Mamy tu dwie tendencje: cytrusy oraz zielone warzywa i owoce.",""
"kb.sector.szorstkie.long","kb_sector_long","Wrażenie szorstkości odpowiada za uczucie cierpkości, suchości na języku. Jak sobie je wyobrazić? Powąchajcie skórę, albo kawałek deski. Spróbujcie aronii albo cierpkiej, czarnej porzeczki, która aż ściąga całą buzię w dzióbek. Mamy tu dwie tendencje: piżmo/skóra oraz dąb/dym/garbniki.","Wrażenie szorstkości odpowiada za uczucie cierpkości, suchości na języku. Jak sobie je wyobrazić? Powąchajcie skórę, albo kawałek deski. Spróbujcie aronii albo cierpkiej, czarnej porzeczki, która aż ściąga całą buzię w dzióbek. Mamy tu dwie tendencje: piżmo/skóra oraz dąb/dym/garbniki.",""
"kb.sector.tegie.long","kb_sector_long","To co jest tęgie jest też w odczuciach orientalne, ciepłe, ciężkie, intensywne, gęste i słodkie. Dwie tendencje: czekolada/kawa/tytoń oraz suszone owoce.","To co jest tęgie jest też w odczuciach orientalne, ciepłe, ciężkie, intensywne, gęste i słodkie. Dwie tendencje: czekolada/kawa/tytoń oraz suszone owoce.",""
"kb.sector.ziemiste.long","kb_sector_long","Wrażenie ziemistości najłatwiej pojąć gdy wyobrazimy sobie, że kładziemy się na ziemi. Może to być las, łąka, okolice rzeki, trawnik, pole czy też świeżo wysypana ziemia. Mamy tu dwie tendencje: minerały oraz ściółka leśna.","Wrażenie ziemistości najłatwiej pojąć gdy wyobrazimy sobie, że kładziemy się na ziemi. Może to być las, łąka, okolice rzeki, trawnik, pole czy też świeżo wysypana ziemia. Mamy tu dwie tendencje: minerały oraz ściółka leśna.",""
"kb.sector.miekkie.short","kb_sector_short","Skojarzenie z latem i przyjemnościami. Dojrzałe owoce i konfitury.","Skojarzenie z latem i przyjemnościami. Dojrzałe owoce i konfitury.",""
"kb.sector.oleiste.short","kb_sector_short","Wszystko co gęste, lepkie, słodkie i żywiczne.","Wszystko co gęste, lepkie, słodkie i żywiczne.",""
"kb.sector.swieze.short","kb_sector_short","Wszystko co kwaśne, cierpkie, ale też odświeżające i rześkie. Łatwe skojarzenie to lemoniada albo zielony ogórek.","Wszystko co kwaśne, cierpkie, ale też odświeżające i rześkie. Łatwe skojarzenie to lemoniada albo zielony ogórek.",""
"kb.sector.szorstkie.short","kb_sector_short","Uczucie cierpkości, suchości na języku. Powąchaj skórę albo kawałek deski.","Uczucie cierpkości, suchości na języku. Powąchaj skórę albo kawałek deski.",""
"kb.sector.tegie.short","kb_sector_short","Orientalne, ciepłe, ciężkie, intensywne, gęste i słodkie.","Orientalne, ciepłe, ciężkie, intensywne, gęste i słodkie.",""
"kb.sector.ziemiste.short","kb_sector_short","Wyobraź sobie, że kładziesz się na ziemi: las, łąka, rzeka, świeża ziemia.","Wyobraź sobie, że kładziesz się na ziemi: las, łąka, rzeka, świeża ziemia.",""
"kb.tendencja.miekkie.dojrzale.assoc","kb_tendencja_assoc","w czerwonym: śliwki, wiśnie, maliny, jagody, truskawki, jeżyny, figi, porzeczka. W białym: jabłka, gruszki, morele, agrest","w czerwonym: śliwki, wiśnie, maliny, jagody, truskawki, jeżyny, figi, porzeczka. W białym: jabłka, gruszki, morele, agrest",""
"kb.tendencja.miekkie.konfitury.assoc","kb_tendencja_assoc","konfitury z jabłka, truskawki — owoce upieczone, usmażone, skarmelizowane","konfitury z jabłka, truskawki — owoce upieczone, usmażone, skarmelizowane",""
"kb.tendencja.oleiste.maslo.assoc","kb_tendencja_assoc","masło, orzechy, tosty, drożdże, ciasteczka maślane, pierniczki","masło, orzechy, tosty, drożdże, ciasteczka maślane, pierniczki",""
"kb.tendencja.oleiste.tropikalne.assoc","kb_tendencja_assoc","mango, ananas, papaja, marakuja, banan, liczi","mango, ananas, papaja, marakuja, banan, liczi",""
"kb.tendencja.swieze.cytrusy.assoc","kb_tendencja_assoc","cytryny, grejpfruty, pomarańcze, mandarynki","cytryny, grejpfruty, pomarańcze, mandarynki",""
"kb.tendencja.swieze.zielone.assoc","kb_tendencja_assoc","melon, winogrona, seler, ogórek, karczoch, szparagi","melon, winogrona, seler, ogórek, karczoch, szparagi",""
"kb.tendencja.szorstkie.dab.assoc","kb_tendencja_assoc","drewno, nieheblowana deska, zapach ogniska, tytoń z papierosa, ściąganie na języku przy cierpkich owocach","drewno, nieheblowana deska, zapach ogniska, tytoń z papierosa, ściąganie na języku przy cierpkich owocach",""
"kb.tendencja.szorstkie.pizmo.assoc","kb_tendencja_assoc","skojarzenia zwierzęce — zapach mokrego psa, konia, stajni, skóry","skojarzenia zwierzęce — zapach mokrego psa, konia, stajni, skóry",""
"kb.tendencja.tegie.cigaro.assoc","kb_tendencja_assoc","czekolada, kawa, tytoń, słodkie cygaro","czekolada, kawa, tytoń, słodkie cygaro",""
"kb.tendencja.tegie.suszone.assoc","kb_tendencja_assoc","w czerwonych: wędzone śliwki, suszone śliwki, daktyle, żurawina. W białych: suszona morela, rodzynki, daktyle, jabłka, pomarańcze, banany, orientalne przyprawy","w czerwonych: wędzone śliwki, suszone śliwki, daktyle, żurawina. W białych: suszona morela, rodzynki, daktyle, jabłka, pomarańcze, banany, orientalne przyprawy",""
"kb.tendencja.ziemiste.mineraly.assoc","kb_tendencja_assoc","kamienie, rzeka, akweny wodne, woda mineralna — bąbelki na języku, „szczypanie”","kamienie, rzeka, akweny wodne, woda mineralna — bąbelki na języku, „szczypanie”",""
"kb.tendencja.ziemiste.sciolka.assoc","kb_tendencja_assoc","ściółka leśna, ścięta trawa, fiołki, lawenda","ściółka leśna, ścięta trawa, fiołki, lawenda",""
"kb.tendencja.miekkie.dojrzale.examples","kb_tendencja_examples","Klasyczne owocowe nuty występujące w młodych, owocowych winach.","Klasyczne owocowe nuty występujące w młodych, owocowych winach.",""
"kb.tendencja.miekkie.konfitury.examples","kb_tendencja_examples","Konfitury różnią się od dojrzałych owoców intensywnością. Tutaj jabłko czy truskawka są upieczone, usmażone, czy skarmelizowane.","Konfitury różnią się od dojrzałych owoców intensywnością. Tutaj jabłko czy truskawka są upieczone, usmażone, czy skarmelizowane.",""
"kb.tendencja.oleiste.maslo.examples","kb_tendencja_examples","Różnego rodzaju produkty „tłuste”. Tego rodzaju wrażenia spotykamy w wielu gatunkach win białych jak i czerwonych.","Różnego rodzaju produkty „tłuste”. Tego rodzaju wrażenia spotykamy w wielu gatunkach win białych jak i czerwonych.",""
"kb.tendencja.oleiste.tropikalne.examples","kb_tendencja_examples","Oleistość żywiczna, pełnia słodyczy. Te doznania często odnajdziemy w białych winach.","Oleistość żywiczna, pełnia słodyczy. Te doznania często odnajdziemy w białych winach.",""
"kb.tendencja.swieze.cytrusy.examples","kb_tendencja_examples","Tego rodzaju wrażenia spotykamy w wielu gatunkach win białych jak i czerwonych.","Tego rodzaju wrażenia spotykamy w wielu gatunkach win białych jak i czerwonych.",""
"kb.tendencja.swieze.zielone.examples","kb_tendencja_examples","Te doznania często odnajdziemy w białych winach, warzywne tendencje spotykamy też często w winach czerwonych.","Te doznania często odnajdziemy w białych winach, warzywne tendencje spotykamy też często w winach czerwonych.",""
"kb.tendencja.szorstkie.dab.examples","kb_tendencja_examples","Szeroka rodzina wrażeń „szorstkich” i „cierpkich”.","Szeroka rodzina wrażeń „szorstkich” i „cierpkich”.",""
"kb.tendencja.szorstkie.pizmo.examples","kb_tendencja_examples","Tego rodzaju wrażenia spotykamy w czerwonych winach.","Tego rodzaju wrażenia spotykamy w czerwonych winach.",""
"kb.tendencja.tegie.cigaro.examples","kb_tendencja_examples","Ciężka tendencja, która przywodzi na myśl „klub gentelmena”, „klub golfowy”, „sklep ze słodyczami” czy „sklep z cygarami”. Zwykle w winach czerwonych.","Ciężka tendencja, która przywodzi na myśl „klub gentelmena”, „klub golfowy”, „sklep ze słodyczami” czy „sklep z cygarami”. Zwykle w winach czerwonych.",""
"kb.tendencja.tegie.suszone.examples","kb_tendencja_examples","Intensywne wrażenie. To trochę skojarzenie z wigilijnym suszem.","Intensywne wrażenie. To trochę skojarzenie z wigilijnym suszem.",""
"kb.tendencja.ziemiste.mineraly.examples","kb_tendencja_examples","Pamiętacie jak pachnie morze? Ten zapach też.","Pamiętacie jak pachnie morze? Ten zapach też.",""
"kb.tendencja.ziemiste.sciolka.examples","kb_tendencja_examples","Wrażenia kojarzone z lasem, glebą zwykle znajdujemy w winach czerwonych; trawę mamy w białych jak Sauvignon Blanc.","Wrażenia kojarzone z lasem, glebą zwykle znajdujemy w winach czerwonych; trawę mamy w białych jak Sauvignon Blanc.",""
"lib.dish.beef-tartare.description","lib_dish_description","Hand-cut beef fillet, capers, shallots, egg yolk and house spice blend.","Ręcznie krojona polędwica wołowa, kapary, szalotka, żółtko jajka i firmowa mieszanka przypraw.",""
"lib.dish.duck-confit.description","lib_dish_description","Slow-cooked duck leg with crispy skin, sarladaise potatoes and thyme jus.","Wolno pieczona noga kaczki z chrupiącą skórką, ziemniakami sarladaise i sosem tymiankowym.",""
"lib.dish.escargots.description","lib_dish_description","Burgundy snails with garlic herb butter, parsley and toasted baguette points.","Ślimaki burgundzkie w maśle czosnkowo-ziołowym z natką pietruszki i grzankami z bagietki.",""
"lib.dish.scallops.description","lib_dish_description","Jumbo scallops, cauliflower puree, truffle oil and micro greens.","Duże przegrzebki, puree z kalafiora, oliwa truflowa i mikrolistki.",""
"lib.dish.beef-tartare.name","lib_dish_name","Beef Tartare","Tatar wołowy",""
"lib.dish.duck-confit.name","lib_dish_name","Duck Confit","Konfitowana kaczka",""
"lib.dish.escargots.name","lib_dish_name","Escargots de Bourgogne","Ślimaki burgundzkie",""
"lib.dish.scallops.name","lib_dish_name","Seared Scallops","Smażone przegrzebki",""
"lib.pairing.beef-tartare.cabernet.reason","lib_pairing_reason","Tannin from Cabernet binds with the raw protein, keeping the spice and pepper notes in check.","Taniny Cabernet wiążą się z surowym białkiem, utrzymując pikantne i pieprzne nuty w ryzach.",""
"lib.pairing.beef-tartare.pinot.reason","lib_pairing_reason","Lighter Pinot Noir is the classic foil for tartare — it lifts shallots and capers without crushing them.","Lżejsze Pinot Noir to klasyczny partner tatara — wydobywa szalotkę i kapary, nie miażdżąc ich.",""
"lib.pairing.duck-confit.pinot.reason","lib_pairing_reason","Pinot Noir's red-fruit core and gentle tannin echo crisp duck skin without overpowering it.","Czerwono-owocowy rdzeń i miękkie taniny Pinot Noir odpowiadają chrupiącej skórce kaczki, nie dominując dania.",""
"lib.pairing.duck-confit.riesling.reason","lib_pairing_reason","Off-dry Riesling pulls the fat away from rich confit while complementing the thyme jus.","Półwytrawny Riesling rozcina tłustość konfitowanej kaczki, podkreślając nuty tymiankowego sosu.",""
"lib.pairing.escargots.champagne.reason","lib_pairing_reason","Champagne's bubbles and acidity refresh the palate after every buttery, garlic-loaded bite.","Bąbelki i kwasowość Champagne odświeżają podniebienie po każdym maślano-czosnkowym kęsie.",""
"lib.pairing.escargots.riesling.reason","lib_pairing_reason","Crisp Alsace Riesling cuts through garlic herb butter with citrus drive and saline minerality.","Wytrawny Riesling z Alzacji przebija masło czosnkowo-ziołowe cytrusowym nerwem i słoną mineralnością.",""
"lib.pairing.scallops.champagne.reason","lib_pairing_reason","Blanc de blancs Champagne mirrors scallop sweetness and slices cauliflower puree's richness.","Blanc de blancs Champagne podkreśla słodycz przegrzebków i przecina bogactwo puree z kalafiora.",""
"lib.pairing.scallops.rose.reason","lib_pairing_reason","Provence rose's strawberry and citrus lift the truffle oil while staying delicate enough for scallops.","Truskawka i cytrus prowansalskiego rosé podnoszą oliwę truflową, zachowując delikatność dla przegrzebków.",""
"lib.wine.cabernet.description","lib_wine_description","Dense dark fruit, spice, and powerful structure for rich dishes.","Gęste, ciemne owoce, korzenne nuty i mocna struktura — pod treściwe dania.",""
"lib.wine.champagne.description","lib_wine_description","Fine mousse, apple and brioche notes, with crisp finish.","Drobny mus, nuty jabłka i brioszki, świeże wykończenie.",""
"lib.wine.pinot.description","lib_wine_description","Citrus, oyster-shell minerality, and a taut, saline finish.","Cytrusy, mineralność muszli ostrygi i napięte, słone zakończenie.",""
"lib.wine.riesling.description","lib_wine_description","Bone-dry profile with mineral finish and focused citrus backbone.","Wytrawny profil z mineralnym zakończeniem i wyraźną cytrusową strukturą.",""
"lib.wine.rose.description","lib_wine_description","Sour cherry, dried herbs, and vibrant acidity.","Kwaśna wiśnia, suszone zioła i żywa kwasowość.",""
"lib.wine.cabernet.name","lib_wine_name","Penfolds Grange","Penfolds Grange",""
"lib.wine.champagne.name","lib_wine_name","Veuve Clicquot Yellow Label Brut","Veuve Clicquot Yellow Label Brut",""
"lib.wine.pinot.name","lib_wine_name","Domaine William Fevre Chablis Premier Cru","Domaine William Fevre Chablis Premier Cru",""
"lib.wine.riesling.name","lib_wine_name","Trimbach Riesling","Trimbach Riesling",""
"lib.wine.rose.name","lib_wine_name","Castello Banfi Chianti Classico","Castello Banfi Chianti Classico",""
"pairing.atelier-amaro.r1-d1.r1-w2.reason","pairing_reason","Sangiovese acidity mirrors tomato and refreshes melted cheese.","Kwasowość Sangiovese odpowiada pomidorowi i odświeża stopiony ser.",""
"pairing.atelier-amaro.r1-d1.r1-w5.reason","pairing_reason","Sparkling bubbles cut richness and keep basil flavors bright.","Bąbelki musującego wina rozcinają tłustość i utrzymują świeży aromat bazylii.",""
"pairing.atelier-amaro.r1-d10.r1-w5.reason","pairing_reason","A dry sparkling contrast keeps dessert from feeling heavy.","Wytrawny musujący kontrast nie pozwala deserowi sprawiać wrażenia ciężkiego.",""
"pairing.atelier-amaro.r1-d10.r1-w6.reason","pairing_reason","Sweet apricot and honey tones complement cocoa and coffee.","Słodkie nuty moreli i miodu uzupełniają kakao i kawę.",""
"pairing.atelier-amaro.r1-d2.r1-w3.reason","pairing_reason","Mineral white wine balances salty pecorino and pepper heat.","Mineralne białe wino równoważy słone pecorino i ostrość pieprzu.",""
"pairing.atelier-amaro.r1-d2.r1-w8.reason","pairing_reason","Pinot Grigio keeps the dish airy and highlights pepper aroma.","Pinot Grigio utrzymuje danie lekkim i podkreśla aromat pieprzu.",""
"pairing.atelier-amaro.r1-d3.r1-w1.reason","pairing_reason","Structured tannins match ragu depth and savory meat notes.","Strukturalne taniny pasują do głębi ragù i wytrawnych mięsnych nut.",""
"pairing.atelier-amaro.r1-d3.r1-w2.reason","pairing_reason","Chianti herbs and cherry pair naturally with tomato-based sauce.","Zioła i wiśnia w Chianti naturalnie łączą się z sosem na bazie pomidorów.",""
"pairing.atelier-amaro.r1-d4.r1-w1.reason","pairing_reason","Tignanello adds spice and depth to saffron and bone marrow.","Tignanello dodaje korzenności i głębi szafranowi oraz szpikowi.",""
"pairing.atelier-amaro.r1-d4.r1-w7.reason","pairing_reason","Brunello structure stands up to gelatin-rich braised veal.","Struktura Brunello dorównuje bogatej w żelatynę duszonej cielęcinie.",""
"pairing.atelier-amaro.r1-d5.r1-w4.reason","pairing_reason","Creamy Chardonnay texture echoes risotto body and saffron notes.","Kremowa tekstura Chardonnay odpowiada treściwości risotto i nutom szafranu.",""
"pairing.atelier-amaro.r1-d5.r1-w5.reason","pairing_reason","Brut freshness cleans palate between buttery spoonfuls.","Świeżość brutu oczyszcza podniebienie między maślanymi łyżkami.",""
"pairing.atelier-amaro.r1-d6.r1-w3.reason","pairing_reason","Citrus and minerality amplify delicate sea bass flavors.","Cytrusy i mineralność wzmacniają delikatne nuty labraksa.",""
"pairing.atelier-amaro.r1-d6.r1-w8.reason","pairing_reason","Light body keeps fish and herbs in focus.","Lekka treściwość trzyma rybę i zioła w centrum uwagi.",""
"pairing.atelier-amaro.r1-d7.r1-w3.reason","pairing_reason","High acidity sharpens the rich tuna emulsion.","Wysoka kwasowość wyostrza bogatą emulsję tuńczykową.",""
"pairing.atelier-amaro.r1-d7.r1-w5.reason","pairing_reason","Fine mousse lightens the texture of chilled veal.","Drobny mus rozjaśnia teksturę zimnej cielęciny.",""
"pairing.atelier-amaro.r1-d8.r1-w2.reason","pairing_reason","Acid-driven red supports tomato while keeping eggplant balanced.","Kwasowe czerwone wspiera pomidor, zachowując równowagę bakłażana.",""
"pairing.atelier-amaro.r1-d8.r1-w7.reason","pairing_reason","Earthy Brunello complements roasted eggplant depth.","Ziemiste Brunello uzupełnia głębię pieczonego bakłażana.",""
"pairing.atelier-amaro.r1-d9.r1-w5.reason","pairing_reason","Bubbles and acidity refresh after each rich bite.","Bąbelki i kwasowość odświeżają po każdym treściwym kęsie.",""
"pairing.atelier-amaro.r1-d9.r1-w8.reason","pairing_reason","Crisp pear and citrus cut through burrata creaminess.","Świeża gruszka i cytrusy przecinają kremowość burraty.",""
"pairing.bottiglieria-1881.r3-d1.r3-w4.reason","pairing_reason","Citrus-driven Albarino cools paprika heat.","Cytrusowy Albariño chłodzi ostrość papryki.",""
"pairing.bottiglieria-1881.r3-d1.r3-w6.reason","pairing_reason","Cava bubbles clean up aioli richness and spice oil.","Bąbelki Cavy oczyszczają tłustość aioli i pikantnej oliwy.",""
"pairing.bottiglieria-1881.r3-d10.r3-w4.reason","pairing_reason","Fresh fruit notes brighten caramelized top.","Świeże owocowe nuty rozjaśniają karmelizowany wierzch.",""
"pairing.bottiglieria-1881.r3-d10.r3-w6.reason","pairing_reason","Brut bubbles refresh palate after rich creamy texture.","Bąbelki brutu odświeżają podniebienie po bogatej kremowej teksturze.",""
"pairing.bottiglieria-1881.r3-d2.r3-w4.reason","pairing_reason","Saline white enhances sweet shrimp and garlic oil.","Słone białe wino wzmacnia słodkie krewetki i czosnkową oliwę.",""
"pairing.bottiglieria-1881.r3-d2.r3-w8.reason","pairing_reason","Layered white handles intensity of garlic and chili.","Warstwowe białe wino radzi sobie z intensywnością czosnku i chili.",""
"pairing.bottiglieria-1881.r3-d3.r3-w5.reason","pairing_reason","Medium-bodied white complements egg richness.","Średnio treściwe białe wino uzupełnia bogactwo jajek.",""
"pairing.bottiglieria-1881.r3-d3.r3-w6.reason","pairing_reason","Sparkling acidity keeps each bite light.","Musująca kwasowość utrzymuje każdy kęs lekkim.",""
"pairing.bottiglieria-1881.r3-d4.r3-w4.reason","pairing_reason","Albarino minerality complements octopus sweetness.","Mineralność Albariño uzupełnia słodycz ośmiornicy.",""
"pairing.bottiglieria-1881.r3-d4.r3-w5.reason","pairing_reason","Subtle oak adds body for paprika and oil.","Subtelny dąb dodaje treściwości pod paprykę i oliwę.",""
"pairing.bottiglieria-1881.r3-d5.r3-w2.reason","pairing_reason","Rioja fruit and spice match saffron and roasted meat notes.","Owocowość i korzenność Rioja pasują do szafranu i pieczonych mięsnych nut.",""
"pairing.bottiglieria-1881.r3-d5.r3-w4.reason","pairing_reason","Bright acidity keeps the rice dish lively.","Świeża kwasowość utrzymuje danie z ryżu pełnym życia.",""
"pairing.bottiglieria-1881.r3-d6.r3-w4.reason","pairing_reason","Fresh saline profile balances cod salinity.","Świeży słony profil równoważy słoność dorsza.",""
"pairing.bottiglieria-1881.r3-d6.r3-w8.reason","pairing_reason","Complex aged white supports garlic-driven richness.","Złożone, dojrzewające białe wino wspiera bogactwo czosnku.",""
"pairing.bottiglieria-1881.r3-d7.r3-w1.reason","pairing_reason","Reserva acidity cuts through rendered fat.","Kwasowość Reserva przecina wytopiony tłuszcz.",""
"pairing.bottiglieria-1881.r3-d7.r3-w3.reason","pairing_reason","Concentrated red with structure matches crispy pork richness.","Skoncentrowane czerwone wino ze strukturą odpowiada chrupiącej tłustości wieprzowiny.",""
"pairing.bottiglieria-1881.r3-d8.r3-w5.reason","pairing_reason","White fruit notes offset savory ham intensity.","Nuty białych owoców równoważą wytrawną intensywność szynki.",""
"pairing.bottiglieria-1881.r3-d8.r3-w6.reason","pairing_reason","Sparkling texture clears bechamel richness.","Musująca tekstura oczyszcza bogactwo beszamelu.",""
"pairing.bottiglieria-1881.r3-d9.r3-w3.reason","pairing_reason","Dense tannic frame is ideal for charred beef.","Gęsta tanniczna struktura jest idealna dla wołowiny z grilla.",""
"pairing.bottiglieria-1881.r3-d9.r3-w7.reason","pairing_reason","Ripe fruit and spice echo grilled crust flavors.","Dojrzała owocowość i korzenność odpowiadają nutom grillowanej skórki.",""
"pairing.brovariusz-wroclaw.r5-d1.r5-w5.reason","pairing_reason","Zesty acidity mirrors lime and keeps fish ultra fresh.","Pikantna kwasowość odpowiada limonce i utrzymuje rybę w pełnej świeżości.",""
"pairing.brovariusz-wroclaw.r5-d1.r5-w7.reason","pairing_reason","Aromatic white softens chili heat and citrus bite.","Aromatyczne białe wino łagodzi ostrość chili i cytrusowy akcent.",""
"pairing.brovariusz-wroclaw.r5-d10.r5-w5.reason","pairing_reason","Dry acidity balances sweet fried dough texture.","Wytrawna kwasowość równoważy słodką teksturę smażonego ciasta.",""
"pairing.brovariusz-wroclaw.r5-d10.r5-w7.reason","pairing_reason","Floral aromatics add lift to caramelized syrup.","Kwiatowe aromaty dodają lekkości karmelizowanemu syropowi.",""
"pairing.brovariusz-wroclaw.r5-d2.r5-w3.reason","pairing_reason","Textured Chardonnay supports tuna and sesame richness.","Strukturalne Chardonnay wspiera tuńczyka i bogactwo sezamu.",""
"pairing.brovariusz-wroclaw.r5-d2.r5-w5.reason","pairing_reason","Albarino brightness sharpens ponzu citrus profile.","Świeżość Albariño wyostrza cytrusowy profil ponzu.",""
"pairing.brovariusz-wroclaw.r5-d3.r5-w1.reason","pairing_reason","Malbec fruit and body hold up to soy-seared beef.","Owocowość i treściwość Malbeca dorównują wołowinie smażonej w sosie sojowym.",""
"pairing.brovariusz-wroclaw.r5-d3.r5-w4.reason","pairing_reason","Carmenere spice aligns with wok-charred aromatics.","Korzenność Carmenère pasuje do aromatów z woka.",""
"pairing.brovariusz-wroclaw.r5-d4.r5-w3.reason","pairing_reason","Creamy Chardonnay texture matches sauce body.","Kremowa tekstura Chardonnay odpowiada treściwości sosu.",""
"pairing.brovariusz-wroclaw.r5-d4.r5-w7.reason","pairing_reason","Floral aromatics cool yellow chili warmth.","Kwiatowe aromaty chłodzą ciepło żółtego chili.",""
"pairing.brovariusz-wroclaw.r5-d5.r5-w3.reason","pairing_reason","Rounded white texture suits creamy avocado.","Zaokrąglona tekstura białego pasuje do kremowego awokado.",""
"pairing.brovariusz-wroclaw.r5-d5.r5-w5.reason","pairing_reason","Fresh saline profile complements crab sweetness.","Świeży słony profil uzupełnia słodycz kraba.",""
"pairing.brovariusz-wroclaw.r5-d6.r5-w2.reason","pairing_reason","Cabernet tannins match grilled protein and char.","Taniny Cabernet pasują do grillowanego białka i nut z węgla.",""
"pairing.brovariusz-wroclaw.r5-d6.r5-w8.reason","pairing_reason","Bold Malbec fruit balances smoky chili spice.","Wyrazista owocowość Malbeca równoważy dymną korzenność chili.",""
"pairing.brovariusz-wroclaw.r5-d7.r5-w3.reason","pairing_reason","Fruit-forward Chardonnay complements saffron rice.","Owocowe Chardonnay uzupełnia ryż z szafranem.",""
"pairing.brovariusz-wroclaw.r5-d7.r5-w5.reason","pairing_reason","Crisp acidity keeps shellfish and spice in balance.","Świeża kwasowość utrzymuje skorupiaki i korzenność w równowadze.",""
"pairing.brovariusz-wroclaw.r5-d8.r5-w1.reason","pairing_reason","Classic Malbec plushness fits tender slow-cooked meat.","Klasyczna pluszowość Malbeca pasuje do delikatnego, wolno duszonego mięsa.",""
"pairing.brovariusz-wroclaw.r5-d8.r5-w8.reason","pairing_reason","Concentrated Malbec handles lamb and herbal braise.","Skoncentrowany Malbec radzi sobie z jagnięciną i ziołowym duszeniem.",""
"pairing.brovariusz-wroclaw.r5-d9.r5-w1.reason","pairing_reason","Soft tannins and dark fruit complement egg yolk richness.","Miękkie taniny i ciemne owoce uzupełniają bogactwo żółtka.",""
"pairing.brovariusz-wroclaw.r5-d9.r5-w4.reason","pairing_reason","Spicy red profile matches crispy savory bean cake.","Pikantny czerwony profil pasuje do chrupiącego, wytrawnego placka z fasoli.",""
"pairing.pod-aniolami.r4-d1.r4-w3.reason","pairing_reason","Pinot earthiness mirrors caramelized onion depth.","Ziemistość Pinota odpowiada głębi karmelizowanej cebuli.",""
"pairing.pod-aniolami.r4-d1.r4-w6.reason","pairing_reason","Sparkling acidity cuts melted cheese richness.","Musująca kwasowość przecina bogactwo stopionego sera.",""
"pairing.pod-aniolami.r4-d10.r4-w5.reason","pairing_reason","Dry rose adds berry lift without oversweetening dessert.","Wytrawne rosé dodaje owocowej nuty bez przesłodzenia deseru.",""
"pairing.pod-aniolami.r4-d10.r4-w6.reason","pairing_reason","Toasty notes mirror caramelized top while staying fresh.","Tostowe nuty odpowiadają karmelizowanemu wierzchu, pozostając świeże.",""
"pairing.pod-aniolami.r4-d2.r4-w4.reason","pairing_reason","Rhone spice amplifies seared crust and pepper.","Korzenność Rodanu wzmacnia smażoną skórkę i pieprz.",""
"pairing.pod-aniolami.r4-d2.r4-w8.reason","pairing_reason","Merlot blend tannins handle beef and butter intensity.","Taniny mieszanki Merlot radzą sobie z intensywnością wołowiny i masła.",""
"pairing.pod-aniolami.r4-d3.r4-w3.reason","pairing_reason","Pinot brightness lifts the rich confit fat.","Świeżość Pinota podnosi bogaty tłuszcz konfitu.",""
"pairing.pod-aniolami.r4-d3.r4-w4.reason","pairing_reason","Savory Rhone profile matches crispy duck skin.","Wytrawny profil Rodanu pasuje do chrupiącej skórki kaczki.",""
"pairing.pod-aniolami.r4-d4.r4-w2.reason","pairing_reason","Mineral Chablis supports shellfish and saffron broth.","Mineralne Chablis wspiera skorupiaki i bulion z szafranem.",""
"pairing.pod-aniolami.r4-d4.r4-w7.reason","pairing_reason","Layered white has enough body for rich rouille.","Warstwowe białe wino ma wystarczająco treściwości dla bogatego rouille.",""
"pairing.pod-aniolami.r4-d5.r4-w1.reason","pairing_reason","Crisp Loire white lifts tomato sweetness.","Świeże białe wino z Loary podnosi słodycz pomidora.",""
"pairing.pod-aniolami.r4-d5.r4-w5.reason","pairing_reason","Dry rose complements roasted vegetables and herbs.","Wytrawne rosé uzupełnia pieczone warzywa i zioła.",""
"pairing.pod-aniolami.r4-d6.r4-w4.reason","pairing_reason","Rhone herbs deepen mushroom and onion notes.","Zioła Rodanu pogłębiają nuty grzybów i cebuli.",""
"pairing.pod-aniolami.r4-d6.r4-w8.reason","pairing_reason","Soft tannins and plum fruit align with braising sauce.","Miękkie taniny i nuty śliwki pasują do sosu z duszenia.",""
"pairing.pod-aniolami.r4-d7.r4-w1.reason","pairing_reason","Citrus and minerality keep fish flavors focused.","Cytrusy i mineralność utrzymują smaki ryby w centrum.",""
"pairing.pod-aniolami.r4-d7.r4-w2.reason","pairing_reason","Precise acidity balances beurre noisette richness.","Precyzyjna kwasowość równoważy bogactwo masła orzechowego.",""
"pairing.pod-aniolami.r4-d8.r4-w1.reason","pairing_reason","Sancerre acidity handles salty anchovy and tuna.","Kwasowość Sancerre radzi sobie ze słonymi anchois i tuńczykiem.",""
"pairing.pod-aniolami.r4-d8.r4-w5.reason","pairing_reason","Rose offers fruit contrast for briny olives.","Rosé oferuje owocowy kontrast dla słonych oliwek.",""
"pairing.pod-aniolami.r4-d9.r4-w6.reason","pairing_reason","Champagne bubbles reduce richness and reset palate.","Bąbelki Champagne redukują tłustość i resetują podniebienie.",""
"pairing.pod-aniolami.r4-d9.r4-w7.reason","pairing_reason","Oak-kissed white matches truffle and creamy cheese.","Lekko dębowane białe pasuje do trufli i kremowego sera.",""
"pairing.senses-warsaw.r2-d1.r2-w1.reason","pairing_reason","Zesty citrus profile mirrors yuzu and lifts raw fish sweetness.","Pikantny cytrusowy profil odpowiada yuzu i podkreśla słodycz surowej ryby.",""
"pairing.senses-warsaw.r2-d1.r2-w4.reason","pairing_reason","Fine bubbles cleanse palate after rich hamachi texture.","Drobne bąbelki oczyszczają podniebienie po bogatej teksturze hamachi.",""
"pairing.senses-warsaw.r2-d10.r2-w3.reason","pairing_reason","Delicate sweetness smooths the cheesecake bitterness.","Delikatna słodycz łagodzi gorycz sernika.",""
"pairing.senses-warsaw.r2-d10.r2-w5.reason","pairing_reason","Red berry mousse offsets the earthy matcha edge.","Owocowy mus z czerwonych jagód niweluje ziemisty akcent matchy.",""
"pairing.senses-warsaw.r2-d2.r2-w2.reason","pairing_reason","Chablis minerality mirrors the oceanic purity of nigiri.","Mineralność Chablis odpowiada oceanicznej czystości nigiri.",""
"pairing.senses-warsaw.r2-d2.r2-w4.reason","pairing_reason","Champagne acidity resets the palate between different fish cuts.","Kwasowość Champagne resetuje podniebienie między różnymi rodzajami ryb.",""
"pairing.senses-warsaw.r2-d3.r2-w2.reason","pairing_reason","Lean mineral structure supports delicate sashimi without masking it.","Smukła mineralna struktura wspiera delikatne sashimi, nie tłumiąc go.",""
"pairing.senses-warsaw.r2-d3.r2-w3.reason","pairing_reason","Slight sweetness softens soy salt and enhances umami.","Lekka słodycz łagodzi sól sojową i wzmacnia umami.",""
"pairing.senses-warsaw.r2-d4.r2-w6.reason","pairing_reason","Silky Pinot fruit balances smoky grill char and sweet tare.","Jedwabista owocowość Pinot równoważy dymne nuty grilla i słodkie tare.",""
"pairing.senses-warsaw.r2-d4.r2-w7.reason","pairing_reason","Peppery red blend handles caramelized glaze intensity.","Pieprzowy red blend radzi sobie z intensywnością karmelizowanej glazury.",""
"pairing.senses-warsaw.r2-d5.r2-w1.reason","pairing_reason","Herbal citrus notes brighten rich buttery cod.","Ziołowo-cytrusowe nuty rozjaśniają tłustego, maślanego dorsza.",""
"pairing.senses-warsaw.r2-d5.r2-w3.reason","pairing_reason","Off-dry Riesling balances sweet-salty miso glaze.","Półwytrawny Riesling równoważy słodko-słoną glazurę miso.",""
"pairing.senses-warsaw.r2-d6.r2-w4.reason","pairing_reason","Lively mousse cuts fried texture and keeps flavors clean.","Żywy mus rozcina smażoną teksturę i utrzymuje czystość smaków.",""
"pairing.senses-warsaw.r2-d6.r2-w5.reason","pairing_reason","Rose Champagne adds freshness and subtle berry lift.","Champagne rosé dodaje świeżości i subtelnej owocowej nuty.",""
"pairing.senses-warsaw.r2-d7.r2-w3.reason","pairing_reason","Residual sugar balances sweet soy glaze and eel fat.","Resztkowy cukier równoważy słodką glazurę sojową i tłustość węgorza.",""
"pairing.senses-warsaw.r2-d7.r2-w6.reason","pairing_reason","Soft red fruit complements smoky caramelized eel.","Miękkie czerwone owoce uzupełniają dymnego, karmelizowanego węgorza.",""
"pairing.senses-warsaw.r2-d8.r2-w6.reason","pairing_reason","Pinot texture supports beef fat without overwhelming ponzu.","Tekstura Pinot wspiera tłustość wołowiny, nie tłumiąc ponzu.",""
"pairing.senses-warsaw.r2-d8.r2-w7.reason","pairing_reason","Concentrated fruit and spice stand up to wagyu richness.","Skoncentrowana owocowość i korzenność dorównują tłustości wagyu.",""
"pairing.senses-warsaw.r2-d9.r2-w1.reason","pairing_reason","Acidic lift cuts broth richness and highlights aromatics.","Kwasowy charakter rozcina bogactwo bulionu i podkreśla aromaty.",""
"pairing.senses-warsaw.r2-d9.r2-w3.reason","pairing_reason","Riesling softness complements salty soy depth.","Miękkość Rieslinga uzupełnia słoną głębię sosu sojowego.",""
"restaurant.atelier-amaro.description","restaurant_description","Modern Polish fine dining in Łazienki — fermented vegetables, foraged herbs, game and quiet European bottles.","Nowoczesna kuchnia polska w Łazienkach — fermentowane warzywa, dzika zwierzyna, zioła z lasu i spokojne europejskie wina.",""
"restaurant.bottiglieria-1881.description","restaurant_description","One-Michelin-star Italian wine bar on ul. Bocheńska — hand-cut pasta, charcoal-grilled fish, and a 600-bottle Italian cellar.","Włoski wine bar z gwiazdką Michelin przy Bocheńskiej — ręcznie krojone pasta, ryby z węgla i piwnica 600 włoskich butelek.",""
"restaurant.brovariusz-wroclaw.description","restaurant_description","A Wrocław gastropub on the Rynek — house-fermented sauerkraut, beer-aged cheeses, hearty Silesian dishes and a small Italian wine cellar.","Wrocławski gastropub na Rynku — domowa kapusta kiszona, sery dojrzewające w piwie, sycące śląskie dania i niewielka włoska piwnica win.",""
"restaurant.pod-aniolami.description","restaurant_description","Heritage Polish kitchen inside a 13th-century cellar at ul. Grodzka — pierogi, żurek, slow-roasted goose and Hungarian whites.","Polska kuchnia tradycyjna w XIII-wiecznych piwnicach przy Grodzkiej — pierogi, żurek, gęś z pieca i węgierskie białe wina.",""
"restaurant.senses-warsaw.description","restaurant_description","Michelin-starred tasting menu on Bielańska — refined produce-driven cooking with a wine pairing for each course.","Restauracja z gwiazdką Michelin przy Bielańskiej — wyrafinowane menu degustacyjne z dobranym winem do każdego dania.",""
"restaurant.atelier-amaro.name","restaurant_name","Atelier Amaro","Atelier Amaro",""
"restaurant.bottiglieria-1881.name","restaurant_name","Bottiglieria 1881","Bottiglieria 1881",""
"restaurant.brovariusz-wroclaw.name","restaurant_name","Brovariusz","Brovariusz",""
"restaurant.pod-aniolami.name","restaurant_name","Pod Aniołami","Pod Aniołami",""
"restaurant.senses-warsaw.name","restaurant_name","Senses","Senses",""
"wine.atelier-amaro.r1-w1.name","wine_name","Marchesi Antinori Tignanello","Marchesi Antinori Tignanello",""
"wine.atelier-amaro.r1-w2.name","wine_name","Frescobaldi Nipozzano Chianti Rufina Riserva","Frescobaldi Nipozzano Chianti Rufina Riserva",""
"wine.atelier-amaro.r1-w3.name","wine_name","La Scolca Gavi dei Gavi Black Label","La Scolca Gavi dei Gavi Black Label",""
"wine.atelier-amaro.r1-w4.name","wine_name","Planeta Chardonnay","Planeta Chardonnay",""
"wine.atelier-amaro.r1-w5.name","wine_name","Ferrari Brut Trento DOC","Ferrari Brut Trento DOC",""
"wine.atelier-amaro.r1-w6.name","wine_name","Donnafugata Ben Rye","Donnafugata Ben Rye",""
"wine.atelier-amaro.r1-w7.name","wine_name","Castello Banfi Brunello di Montalcino","Castello Banfi Brunello di Montalcino",""
"wine.atelier-amaro.r1-w8.name","wine_name","Jermann Pinot Grigio","Jermann Pinot Grigio",""
"wine.bottiglieria-1881.r3-w1.name","wine_name","La Rioja Alta Vina Ardanza Reserva","La Rioja Alta Vina Ardanza Reserva",""
"wine.bottiglieria-1881.r3-w2.name","wine_name","Marques de Murrieta Reserva","Marques de Murrieta Reserva",""
"wine.bottiglieria-1881.r3-w3.name","wine_name","Vega Sicilia Valbuena 5","Vega Sicilia Valbuena 5",""
"wine.bottiglieria-1881.r3-w4.name","wine_name","Martin Codax Albarino","Martin Codax Albarino",""
"wine.bottiglieria-1881.r3-w5.name","wine_name","Bodegas Muga Blanco","Bodegas Muga Blanco",""
"wine.bottiglieria-1881.r3-w6.name","wine_name","Gramona Imperial Brut","Gramona Imperial Brut",""
"wine.bottiglieria-1881.r3-w7.name","wine_name","Torres Celeste Crianza","Torres Celeste Crianza",""
"wine.bottiglieria-1881.r3-w8.name","wine_name","Lopez de Heredia Vina Tondonia Blanco Reserva","Lopez de Heredia Vina Tondonia Blanco Reserva",""
"wine.brovariusz-wroclaw.r5-w1.name","wine_name","Catena Zapata Malbec Argentino","Catena Zapata Malbec Argentino",""
"wine.brovariusz-wroclaw.r5-w2.name","wine_name","Montes Alpha Cabernet Sauvignon","Montes Alpha Cabernet Sauvignon",""
"wine.brovariusz-wroclaw.r5-w3.name","wine_name","Marques de Casa Concha Chardonnay","Marques de Casa Concha Chardonnay",""
"wine.brovariusz-wroclaw.r5-w4.name","wine_name","Lapostolle Cuvee Alexandre Carmenere","Lapostolle Cuvee Alexandre Carmenere",""
"wine.brovariusz-wroclaw.r5-w5.name","wine_name","Garzon Reserva Albarino","Garzon Reserva Albarino",""
"wine.brovariusz-wroclaw.r5-w6.name","wine_name","Santa Rita Casa Real Cabernet Sauvignon","Santa Rita Casa Real Cabernet Sauvignon",""
"wine.brovariusz-wroclaw.r5-w7.name","wine_name","Zuccardi Q Torrontes","Zuccardi Q Torrontes",""
"wine.brovariusz-wroclaw.r5-w8.name","wine_name","Vina Cobos Bramare Malbec","Vina Cobos Bramare Malbec",""
"wine.pod-aniolami.r4-w1.name","wine_name","Domaine Vacheron Sancerre Blanc","Domaine Vacheron Sancerre Blanc",""
"wine.pod-aniolami.r4-w2.name","wine_name","Domaine William Fevre Chablis Premier Cru","Domaine William Fevre Chablis Premier Cru",""
"wine.pod-aniolami.r4-w3.name","wine_name","Louis Jadot Beaune Premier Cru","Louis Jadot Beaune Premier Cru",""
"wine.pod-aniolami.r4-w4.name","wine_name","Chateau de Beaucastel Chateauneuf-du-Pape","Chateau de Beaucastel Chateauneuf-du-Pape",""
"wine.pod-aniolami.r4-w5.name","wine_name","Whispering Angel Rose","Whispering Angel Rose",""
"wine.pod-aniolami.r4-w6.name","wine_name","Bollinger Special Cuvee","Bollinger Special Cuvee",""
"wine.pod-aniolami.r4-w7.name","wine_name","Chateau Smith Haut Lafitte Blanc","Chateau Smith Haut Lafitte Blanc",""
"wine.pod-aniolami.r4-w8.name","wine_name","Chateau La Dominique Saint-Emilion Grand Cru","Chateau La Dominique Saint-Emilion Grand Cru",""
"wine.senses-warsaw.r2-w1.name","wine_name","Cloudy Bay Sauvignon Blanc","Cloudy Bay Sauvignon Blanc",""
"wine.senses-warsaw.r2-w2.name","wine_name","Domaine William Fevre Chablis","Domaine William Fevre Chablis",""
"wine.senses-warsaw.r2-w3.name","wine_name","Dr. Loosen Riesling Kabinett","Dr. Loosen Riesling Kabinett",""
"wine.senses-warsaw.r2-w4.name","wine_name","Ruinart Blanc de Blancs","Ruinart Blanc de Blancs",""
"wine.senses-warsaw.r2-w5.name","wine_name","Billecart-Salmon Brut Rose","Billecart-Salmon Brut Rose",""
"wine.senses-warsaw.r2-w6.name","wine_name","Meiomi Pinot Noir","Meiomi Pinot Noir",""
"wine.senses-warsaw.r2-w7.name","wine_name","Ridge Geyserville","Ridge Geyserville",""
"wine.senses-warsaw.r2-w8.name","wine_name","Gerard Bertrand Cote des Roses Rose","Gerard Bertrand Cote des Roses Rose",""
"wine.atelier-amaro.r1-w1.notes","wine_notes","Dark cherry, cedar, tobacco, and polished tannins.","Ciemna wiśnia, cedr, tytoń i wypolerowane taniny.",""
"wine.atelier-amaro.r1-w2.notes","wine_notes","Bright sour cherry, herbs, and savory spice.","Świeża kwaśna wiśnia, zioła i wytrawne korzenne nuty.",""
"wine.atelier-amaro.r1-w3.notes","wine_notes","Citrus peel, white flowers, and mineral finish.","Skórka cytrusów, białe kwiaty i mineralne wykończenie.",""
"wine.atelier-amaro.r1-w4.notes","wine_notes","Ripe stone fruit, vanilla, and balanced acidity.","Dojrzałe owoce pestkowe, wanilia i zbalansowana kwasowość.",""
"wine.atelier-amaro.r1-w5.notes","wine_notes","Fine bubbles, green apple, brioche, and crisp finish.","Drobne bąbelki, zielone jabłko, brioszka i świeże wykończenie.",""
"wine.atelier-amaro.r1-w6.notes","wine_notes","Apricot, candied orange, honey, and saffron.","Morela, kandyzowana pomarańcza, miód i szafran.",""
"wine.atelier-amaro.r1-w7.notes","wine_notes","Black cherry, leather, dried herbs, and firm structure.","Czarna wiśnia, skóra, suszone zioła i mocna struktura.",""
"wine.atelier-amaro.r1-w8.notes","wine_notes","Pear, lemon zest, and saline minerality.","Gruszka, skórka cytryny i słona mineralność.",""
"wine.bottiglieria-1881.r3-w1.notes","wine_notes","Red fruit, vanilla, and dried herbs.","Czerwone owoce, wanilia i suszone zioła.",""
"wine.bottiglieria-1881.r3-w2.notes","wine_notes","Plum, cedar, tobacco, and polished tannins.","Śliwka, cedr, tytoń i wypolerowane taniny.",""
"wine.bottiglieria-1881.r3-w3.notes","wine_notes","Dark berries, graphite, and long savory finish.","Ciemne owoce, grafit i długie wytrawne wykończenie.",""
"wine.bottiglieria-1881.r3-w4.notes","wine_notes","Lime, peach, saline freshness, and floral notes.","Limonka, brzoskwinia, słona świeżość i kwiatowe nuty.",""
"wine.bottiglieria-1881.r3-w5.notes","wine_notes","Citrus, stone fruit, subtle oak, and crisp finish.","Cytrusy, owoce pestkowe, subtelny dąb i świeże wykończenie.",""
"wine.bottiglieria-1881.r3-w6.notes","wine_notes","Baked apple, brioche, and persistent bubbles.","Pieczone jabłko, brioszka i wytrwałe bąbelki.",""
"wine.bottiglieria-1881.r3-w7.notes","wine_notes","Black cherry, cacao, and gentle oak spice.","Czarna wiśnia, kakao i delikatna dębowa korzenność.",""
"wine.bottiglieria-1881.r3-w8.notes","wine_notes","Nuts, dried citrus, and layered oxidative complexity.","Orzechy, suszone cytrusy i warstwowa oksydacyjna złożoność.",""
"wine.brovariusz-wroclaw.r5-w1.notes","wine_notes","Black plum, violet, and smooth dense finish.","Czarna śliwka, fiołek i gładkie, gęste wykończenie.",""
"wine.brovariusz-wroclaw.r5-w2.notes","wine_notes","Cassis, cedar, and firm tannin backbone.","Cassis, cedr i mocna tanniczna struktura.",""
"wine.brovariusz-wroclaw.r5-w3.notes","wine_notes","Citrus curd, stone fruit, and creamy texture.","Cytrusowy curd, owoce pestkowe i kremowa tekstura.",""
"wine.brovariusz-wroclaw.r5-w4.notes","wine_notes","Blackberries, pepper, and smoky herbal finish.","Jeżyny, pieprz i dymne ziołowe wykończenie.",""
"wine.brovariusz-wroclaw.r5-w5.notes","wine_notes","Lime zest, white peach, and saline edge.","Skórka limonki, biała brzoskwinia i słony akcent.",""
"wine.brovariusz-wroclaw.r5-w6.notes","wine_notes","Dark fruit, graphite, and polished oak.","Ciemne owoce, grafit i wypolerowany dąb.",""
"wine.brovariusz-wroclaw.r5-w7.notes","wine_notes","Jasmine, grapefruit, and aromatic lift.","Jaśmin, grejpfrut i aromatyczny charakter.",""
"wine.brovariusz-wroclaw.r5-w8.notes","wine_notes","Black cherry, cocoa, and structured mouthfeel.","Czarna wiśnia, kakao i strukturalna wyrazistość w ustach.",""
"wine.pod-aniolami.r4-w1.notes","wine_notes","Lemon zest, gooseberry, and flinty minerality.","Skórka cytryny, agrest i krzemienna mineralność.",""
"wine.pod-aniolami.r4-w2.notes","wine_notes","Crisp citrus, oyster shell, and linear acidity.","Świeże cytrusy, muszla ostrygi i liniowa kwasowość.",""
"wine.pod-aniolami.r4-w3.notes","wine_notes","Red cherry, forest floor, and gentle spice.","Czerwona wiśnia, ściółka leśna i delikatne korzenne nuty.",""
"wine.pod-aniolami.r4-w4.notes","wine_notes","Black fruit, garrigue herbs, and structured finish.","Czarne owoce, zioła garrigue i strukturalne wykończenie.",""
"wine.pod-aniolami.r4-w5.notes","wine_notes","Strawberry, peach, and dry mineral finish.","Truskawka, brzoskwinia i wytrawne mineralne wykończenie.",""
"wine.pod-aniolami.r4-w6.notes","wine_notes","Apple, brioche, toasted nuts, and long mousse.","Jabłko, brioszka, prażone orzechy i długi mus.",""
"wine.pod-aniolami.r4-w7.notes","wine_notes","Citrus, white peach, and subtle oak smoke.","Cytrusy, biała brzoskwinia i subtelny dąb z dymem.",""
"wine.pod-aniolami.r4-w8.notes","wine_notes","Plum, cocoa, and velvety tannins.","Śliwka, kakao i aksamitne taniny.",""
"wine.senses-warsaw.r2-w1.notes","wine_notes","Grapefruit, lime leaf, and bright herbal lift.","Grejpfrut, liść limonki i świeży ziołowy charakter.",""
"wine.senses-warsaw.r2-w2.notes","wine_notes","Taut citrus, oyster shell, and chalky texture.","Napięte cytrusy, muszla ostrygi i kredowa tekstura.",""
"wine.senses-warsaw.r2-w3.notes","wine_notes","Green apple, peach, and off-dry precision.","Zielone jabłko, brzoskwinia i półwytrawna precyzja.",""
"wine.senses-warsaw.r2-w4.notes","wine_notes","Lemon curd, almond, and chalky bubbles.","Lemon curd, migdał i kredowe bąbelki.",""
"wine.senses-warsaw.r2-w5.notes","wine_notes","Wild strawberry, citrus peel, and elegant mousse.","Poziomka, skórka cytrusów i elegancki mus.",""
"wine.senses-warsaw.r2-w6.notes","wine_notes","Ripe berry, mocha, and silky tannins.","Dojrzałe jagody, mocha i jedwabiste taniny.",""
"wine.senses-warsaw.r2-w7.notes","wine_notes","Blackberry, pepper, and savory spice.","Jeżyna, pieprz i wytrawne korzenne nuty.",""
"wine.senses-warsaw.r2-w8.notes","wine_notes","Red berries, melon, and dry floral finish.","Czerwone owoce, melon i wytrawne kwiatowe wykończenie.",""
